{
  "version": 1,
  "author": "Eduardo Miranda",
  "editor": "wokwi",
  "parts": [
    { "type": "board-esp32-devkit-c-v4", "id": "esp", "top": 0, "left": 0, "attrs": {} },
    { "type": "wokwi-hc-sr04", "id": "ultrasonic1", "top": -56.1, "left": -186.5, "attrs": {} }
  ],
  "connections": [
    [ "esp:TX", "$serialMonitor:RX", "", [] ],
    [ "esp:RX", "$serialMonitor:TX", "", [] ],
    [ "ultrasonic1:VCC", "esp:VN", "red", [ "v0" ] ],
    [ "ultrasonic1:GND", "esp:GND.1", "black", [ "v0" ] ],
    [ "ultrasonic1:TRIG", "esp:5", "blue", [ "v182.4", "h220.4", "v-105.6" ] ],
    [ "ultrasonic1:ECHO", "esp:18", "green", [ "v192", "h220", "v-124.8" ] ]
  ],
  "dependencies": {}
}